{
  "config": {
    "configFile": "C:\\Users\\10283\\palaywright automation\\playwright.config.js",
    "rootDir": "C:/Users/10283/palaywright automation/tests",
    "forbidOnly": false,
    "fullyParallel": true,
    "globalSetup": null,
    "globalTeardown": null,
    "globalTimeout": 0,
    "grep": {},
    "grepInvert": null,
    "maxFailures": 0,
    "metadata": {
      "actualWorkers": 1
    },
    "preserveOutput": "always",
    "reporter": [
      [
        "list",
        null
      ],
      [
        "html",
        null
      ],
      [
        "junit",
        {
          "outputFile": "results.xml"
        }
      ],
      [
        "json",
        {
          "outputFile": "results.json"
        }
      ],
      [
        "C:\\Users\\10283\\palaywright automation\\node_modules\\allure-playwright\\dist\\index.js",
        {
          "outputFolder": "my-allure-results"
        }
      ]
    ],
    "reportSlowTests": {
      "max": 5,
      "threshold": 15000
    },
    "quiet": false,
    "projects": [
      {
        "outputDir": "C:/Users/10283/palaywright automation/test-results",
        "repeatEach": 1,
        "retries": 1,
        "id": "chromium",
        "name": "chromium",
        "testDir": "C:/Users/10283/palaywright automation/tests",
        "testIgnore": [],
        "testMatch": [
          "**/*.@(spec|test).?(c|m)[jt]s?(x)"
        ],
        "timeout": 30000
      }
    ],
    "shard": null,
    "updateSnapshots": "missing",
    "version": "1.42.1",
    "workers": 4,
    "webServer": null
  },
  "suites": [
    {
      "title": "testcase5.spec.js",
      "file": "testcase5.spec.js",
      "column": 0,
      "line": 0,
      "specs": [
        {
          "title": "test",
          "ok": true,
          "tags": [],
          "tests": [
            {
              "timeout": 30000,
              "annotations": [],
              "expectedStatus": "passed",
              "projectId": "chromium",
              "projectName": "chromium",
              "results": [
                {
                  "workerIndex": 0,
                  "status": "passed",
                  "duration": 7359,
                  "errors": [],
                  "stdout": [],
                  "stderr": [],
                  "retry": 0,
                  "startTime": "2024-05-21T04:25:30.857Z",
                  "attachments": []
                }
              ],
              "status": "expected"
            }
          ],
          "id": "fcfea96b99238a0ab601-f35d4753087ac7428b4f",
          "file": "testcase5.spec.js",
          "line": 5,
          "column": 5
        }
      ]
    }
  ],
  "errors": [],
  "stats": {
    "startTime": "2024-05-21T04:25:29.983Z",
    "duration": 8641.387,
    "expected": 1,
    "skipped": 0,
    "unexpected": 0,
    "flaky": 0
  }
}